order_id,partner_id,item_id,item_quantity,total_selling_price,sales_channel,order_date,customer_id
A0001,1,1001,1,100,AAA,1-Jan-17,cust001
A0002,1,1005,2,20,BBB,11-Jan-17,cust002
A0002,1,1003,4,120,BBB,11-Jan-17,cust002
A0002,1,1001,2,200,BBB,11-Jan-17,cust002
A0003,2,1002,1,80,AAA,3-Mar-17,cust003
A0003,2,1008,6,75,AAA,3-Mar-17,cust003
A0005,1,1001,1,100,AAA,15-Apr-17,cust005
A0006,2,1003,5,150,AAA,1-Jun-17,cust006
A0007,3,1001,2,200,BBB,21-Jun-17,cust007
A0007,3,1005,1,10,BBB,21-Jun-17,cust007
A0007,3,1004,9,60,BBB,21-Jun-17,cust007
