acommerce_order_id,order_status_timestamp,partner_id,order_status_update,event_action
A0001,26-02-18 7:45,843,CREATED,CREATE
A0002,26-02-18 10:27,843,CREATED,CREATE
A0002,26-02-18 10:28,843,SHIPPED,CREATE
A0002,27-02-18 10:55,843,READY_TO_SHIP,CREATE
A0002,20-03-18 7:48,843,CANCELLED,CREATE
A0003,26-02-18 10:28,888,CREATED,CREATE
A0003,28-02-18 7:48,888,READY_TO_SHIP,CREATE
A0005,26-02-18 10:29,15,CREATED,CREATE
A0005,05-03-18 10:30,15,SHIPPED,CREATE
A0005,15-03-18 10:30,15,READY_TO_SHIP,CREATE
A0006,26-02-18 10:29,19,CREATED,CREATE
A0006,05-03-18 10:30,19,SHIPPED,CREATE
A0006,03-03-18 10:30,19,READY_TO_SHIP,CREATE
A0006,11-03-18 10:30,19,CANCELLED,CREATE
A0008,03-03-18 10:30,222,CREATED,CREATE
A0008,11-03-18 10:30,222,READY_TO_SHIP,CREATE
A0007,26-02-18 7:47,6923,CREATED,CREATE
A0007,28-02-18 11:40,6923,SHIPPED,CREATE
A0007,27-02-18 8:43,6923,READY_TO_SHIP,CREATE
A0007,03-03-18 10:30,6923,DELIVERED,CREATE
